{
    "Period": 11.863075,
    "LongAtEpoch": 90.638185,
    "LongOfPerihelion": 14.170747,
    "Eccentricity": 0.048482,
    "SemiMajorAxis": 5.202561,
    "Inclination": 1.303613,
    "AscendingNode": 100.353142,
    "Radius": 71492.1
}
