{
    "Period": 11.863075,
    "LongAtEpoch": 90.638185,
    "LongOfPerihelion": 14.170747,
    "Eccentricity": 0.048482,
    "SemiMajorAxis": 5.202561,
    "Inclination": 1.303613,
    "AscendingNode": 100.353142,
    "Radius": 71492.1,
    "Texture": "jupiter2_4k.jpg",
    "atmosphere": {
        "Kr": 0.0025,
        "Km": 0.0010,
        "ESun": 20.0,
        "g": -0.950,
        "innerRadius": 100,
        "outerRadius": 101,
        "wavelength": [
            0.650,
            0.570,
            0.475
        ],
        "scaleDepth": 0.25,
        "mieScaleDepth": 0.1
    }
}
