{
    "Period": 1.880932,
    "LongAtEpoch": 240.739474,
    "LongOfPerihelion": 335.874939,
    "Eccentricity": 0.093396,
    "SemiMajorAxis": 1.523688,
    "Inclination": 1.849736,
    "AscendingNode": 49.480308,
    "Radius": 3376.2
}
