{
    "Period": 1.880932,
    "LongAtEpoch": 240.739474,
    "LongOfPerihelion": 335.874939,
    "Eccentricity": 0.093396,
    "SemiMajorAxis": 1.523688,
    "Inclination": 1.849736,
    "AscendingNode": 49.480308,
    "Radius": 3376.2,
    "Texture": "Mars_4k.jpg",
    "atmosphere": {
        "Kr": 0.0025,
        "Km": 0.0010,
        "ESun": 20.0,
        "g": -0.950,
        "innerRadius": 100,
        "outerRadius": 101,
        "wavelength": [
            0.41,
            0.45,
            0.5
        ],
        "scaleDepth": 0.25,
        "mieScaleDepth": 0.1
    }
}
