{
    "Period": 0.240852,
    "LongAtEpoch": 60.750646,
    "LongOfPerihelion": 77.299833,
    "Eccentricity": 0.205633,
    "SemiMajorAxis": 0.387099,
    "Inclination": 7.004540,
    "AscendingNode": 48.212740,
    "Radius": 2439.7,
    "Texture": "mercury.jpg"
}
