{
    "Period": 164.79246,
    "LongAtEpoch": 282.349556,
    "LongOfPerihelion": 48.009758,
    "Eccentricity": 0.009003,
    "SemiMajorAxis": 30.109570,
    "Inclination": 1.770646,
    "AscendingNode": 131.670599,
    "Radius": 24764.0
}
