{
    "Period": 29.471362,
    "LongAtEpoch": 287.690033,
    "LongOfPerihelion": 92.861407,
    "Eccentricity": 0.055581,
    "SemiMajorAxis": 9.554747,
    "Inclination": 2.488980,
    "AscendingNode": 113.576139,
    "Radius": 60268.0
}
