{
    "Period": 29.471362,
    "LongAtEpoch": 287.690033,
    "LongOfPerihelion": 92.861407,
    "Eccentricity": 0.055581,
    "SemiMajorAxis": 9.554747,
    "Inclination": 2.488980,
    "AscendingNode": 113.576139,
    "Radius": 60268.0,
    "Texture": "2k_saturn.jpg",
    "Tilt": -26.73,
    "Rings": {
        "Inner": 74500.0,
        "Outer": 140220.0,
        "Texture": "saturn-rings.png"
    },
    "atmosphere": {
        "Kr": 0.0025,
        "Km": 0.0010,
        "ESun": 20.0,
        "g": -0.950,
        "innerRadius": 100,
        "outerRadius": 100.5,
        "wavelength": [
            0.650,
            0.570,
            0.475
        ],
        "scaleDepth": 0.25,
        "mieScaleDepth": 0.1
    }
}
