{
    "Period": 84.039492,
    "LongAtEpoch": 271.063148,
    "LongOfPerihelion": 172.884833,
    "Eccentricity": 0.046321,
    "SemiMajorAxis": 19.21814,
    "Inclination": 0.773059,
    "AscendingNode": 73.926961,
    "Radius": 25559.0
}
