{
    "Period": 84.039492,
    "LongAtEpoch": 271.063148,
    "LongOfPerihelion": 172.884833,
    "Eccentricity": 0.046321,
    "SemiMajorAxis": 19.21814,
    "Inclination": 0.773059,
    "AscendingNode": 73.926961,
    "Radius": 25559.0,
    "Texture": "uranusmap.jpg",
    "atmosphere": {
        "Kr": 0.0025,
        "Km": 0.0010,
        "ESun": 20.0,
        "g": -0.950,
        "innerRadius": 100,
        "outerRadius": 100.5,
        "wavelength": [
            0.650,
            0.570,
            0.475
        ],
        "scaleDepth": 0.25,
        "mieScaleDepth": 0.1
    }
}
