{
    "Period": 0.615211,
    "LongAtEpoch": 88.455855,
    "LongOfPerihelion": 131.430236,
    "Eccentricity": 0.006778,
    "SemiMajorAxis": 0.723332,
    "Inclination": 3.394535,
    "AscendingNode": 76.589820,
    "Radius": 6051.8,
    "Texture": "venus_cloud.jpg"
}
